.BRAIN\04-narrative\quest-dnd-checks.md
.BRAIN\04-narrative\quest-system.md
.BRAIN\04-narrative\README.md
.BRAIN\04-narrative\cutscenes\2025-11-07-helios-conspiracy-cutscenes.md
.BRAIN\04-narrative\dialogues\DIALOGUE-TEMPLATE.md
.BRAIN\04-narrative\dialogues\faction-social-lines.md
.BRAIN\04-narrative\dialogues\npc-aisha-frost.md
.BRAIN\04-narrative\dialogues\npc-dialogues-basic.md
.BRAIN\04-narrative\dialogues\npc-hiroshi-tanaka.md
.BRAIN\04-narrative\dialogues\npc-jake-archer.md
.BRAIN\04-narrative\dialogues\npc-james-iron-reed.md
.BRAIN\04-narrative\dialogues\npc-jose-tiger-ramirez.md
.BRAIN\04-narrative\dialogues\npc-kaede-ishikawa.md
.BRAIN\04-narrative\dialogues\npc-marco-fix-sanchez.md
.BRAIN\04-narrative\dialogues\npc-rita-moreno.md
.BRAIN\04-narrative\dialogues\npc-royce.md
.BRAIN\04-narrative\dialogues\npc-sara-miller.md
.BRAIN\04-narrative\dialogues\npc-viktor-vektor.md
.BRAIN\04-narrative\dialogues\quest-faction-arasaka-001-tokyo.md
.BRAIN\04-narrative\dialogues\quest-main-001-first-steps.md
.BRAIN\04-narrative\dialogues\quest-main-002-choose-path.md
.BRAIN\04-narrative\dialogues\quest-side-maelstrom-double-cross.md
.BRAIN\04-narrative\dialogues\README.md
.BRAIN\04-narrative\dialogues\romance-hanako-tanaka.md
.BRAIN\04-narrative\dialogues\romance-judy-alvarez.md
.BRAIN\04-narrative\events\final-league-concert-2093-07-27.md
.BRAIN\04-narrative\events-lore\README.md
.BRAIN\04-narrative\events-lore\world-events-timeline.md
.BRAIN\04-narrative\lore\main-story-overview.md
.BRAIN\04-narrative\lore\README.md
.BRAIN\04-narrative\lore\story-lines-main.md
.BRAIN\04-narrative\main-story\NECPGAME-MAIN-STORY-2090-2093.md
.BRAIN\04-narrative\narrative-coherence\РАБОТА-ЗАВЕРШЕНА.md
.BRAIN\04-narrative\narrative-coherence\ФИНАЛЬНАЯ-СВОДКА.md
.BRAIN\04-narrative\narrative-coherence\ЧТО-СДЕЛАНО-ЧТО-ОСТАЛОСЬ.md
.BRAIN\04-narrative\narrative-coherence\GUIDES-COMPLETE.md
.BRAIN\04-narrative\narrative-coherence\phase1-overview.md
.BRAIN\04-narrative\narrative-coherence\README.md
.BRAIN\04-narrative\narrative-coherence\SUMMARY-FOR-USER.md
.BRAIN\04-narrative\narrative-coherence\TECH-READY-COMPLETE.md
.BRAIN\04-narrative\narrative-coherence\phase2-narrative\narrative-master-arc-overview.md
.BRAIN\04-narrative\narrative-coherence\phase2-narrative\classes\class-branches.md
.BRAIN\04-narrative\narrative-coherence\phase2-narrative\coherence\faction-evolution.yaml
.BRAIN\04-narrative\narrative-coherence\phase2-narrative\coherence\FIXES-TEMPORAL-ISSUES.md
.BRAIN\04-narrative\narrative-coherence\phase2-narrative\coherence\location-timeline.yaml
.BRAIN\04-narrative\narrative-coherence\phase2-narrative\coherence\npc-lifecycle.yaml
.BRAIN\04-narrative\narrative-coherence\phase2-narrative\coherence\timeline-check.md
.BRAIN\04-narrative\narrative-coherence\phase2-narrative\connections\quest-blockers.yaml
.BRAIN\04-narrative\narrative-coherence\phase2-narrative\connections\quest-triggers.yaml
.BRAIN\04-narrative\narrative-coherence\phase2-narrative\connections\side-quests-matrix.yaml
.BRAIN\04-narrative\narrative-coherence\phase3-event-matrix\architecture.md
.BRAIN\04-narrative\narrative-coherence\phase3-event-matrix\export\convert-quest-graph.js
.BRAIN\04-narrative\narrative-coherence\phase3-event-matrix\export\convert-quest-graph.py
.BRAIN\04-narrative\narrative-coherence\phase3-event-matrix\export\README.md
.BRAIN\04-narrative\narrative-coherence\phase3-event-matrix\graph\quest-dependencies.yaml
.BRAIN\04-narrative\narrative-coherence\phase4-database\migrations\001-expand-quests-table.sql
.BRAIN\04-narrative\narrative-coherence\phase4-database\migrations\002-create-quest-branches.sql
.BRAIN\04-narrative\narrative-coherence\phase4-database\migrations\003-create-dialogue-system.sql
.BRAIN\04-narrative\narrative-coherence\phase4-database\migrations\004-create-player-systems.sql
.BRAIN\04-narrative\narrative-coherence\phase4-database\migrations\005-create-world-state-system.sql
.BRAIN\04-narrative\narrative-coherence\phase4-database\migrations\apply-all-migrations.ps1
.BRAIN\04-narrative\narrative-coherence\phase4-database\migrations\apply-all-migrations.sh
.BRAIN\04-narrative\narrative-coherence\phase4-database\migrations\README.md
.BRAIN\04-narrative\narrative-coherence\phase4-database\tables\quest-tables-extended.sql
.BRAIN\04-narrative\narrative-coherence\phase4-database\tables\world-state-tables.sql
.BRAIN\04-narrative\narrative-coherence\phase5-player-impact\hybrid\hybrid-system.md
.BRAIN\04-narrative\narrative-coherence\phase6-documentation\content-guides\content-creator-guide.md
.BRAIN\04-narrative\narrative-coherence\phase6-documentation\dev-guides\api-integration.md
.BRAIN\04-narrative\narrative-coherence\phase6-documentation\dev-guides\backend-integration-part1-entities.md
.BRAIN\04-narrative\narrative-coherence\phase6-documentation\dev-guides\backend-integration-part2-services.md
.BRAIN\04-narrative\narrative-coherence\phase6-documentation\dev-guides\backend-integration-part3-api.md
.BRAIN\04-narrative\narrative-coherence\phase6-documentation\dev-guides\developer-guide.md
.BRAIN\04-narrative\narrative-coherence\phase6-documentation\dev-guides\performance-part1-database.md
.BRAIN\04-narrative\narrative-coherence\phase6-documentation\dev-guides\performance-part2-application.md
.BRAIN\04-narrative\narrative-coherence\phase6-documentation\dev-guides\performance-part3-advanced.md
.BRAIN\04-narrative\narrative-coherence\phase6-documentation\dev-guides\step-by-step-part1-setup.md
.BRAIN\04-narrative\narrative-coherence\phase6-documentation\dev-guides\step-by-step-part2-code.md
.BRAIN\04-narrative\narrative-coherence\phase6-documentation\dev-guides\step-by-step-part3-testing.md
.BRAIN\04-narrative\narrative-coherence\phase6-documentation\dev-guides\troubleshooting-part1-common.md
.BRAIN\04-narrative\narrative-coherence\phase6-documentation\dev-guides\troubleshooting-part2-database.md
.BRAIN\04-narrative\narrative-coherence\phase6-documentation\dev-guides\troubleshooting-part3-advanced.md
.BRAIN\04-narrative\narrative-coherence\phase6-documentation\maps\narrative-map-master.md
.BRAIN\04-narrative\narrative-coherence\phase6-documentation\templates\quest-template-extended.md
.BRAIN\04-narrative\narrative-coherence\phase6-documentation\visualization\critical-paths.mermaid.md
.BRAIN\04-narrative\narrative-coherence\phase6-documentation\visualization\narrative-arc.mermaid.md
.BRAIN\04-narrative\narrative-coherence\phase6-documentation\visualization\quest-dependency-example.mermaid.md
.BRAIN\04-narrative\narrative-coherence\phase6-documentation\visualization\world-states.mermaid.md
.BRAIN\04-narrative\narrative-coherence\phase7-validation\narrative\coherence-results.md
.BRAIN\04-narrative\npc-lore\era-index.md
.BRAIN\04-narrative\npc-lore\important-npcs-list.md
.BRAIN\04-narrative\npc-lore\npc-lifecycle-spread.md
.BRAIN\04-narrative\npc-lore\npc-prioritization.md
.BRAIN\04-narrative\npc-lore\NPC-TEMPLATE.md
.BRAIN\04-narrative\npc-lore\README.md
.BRAIN\04-narrative\npc-lore\common\common-units-backlog.md
.BRAIN\04-narrative\npc-lore\common\corp-middle-manager-2070-2090.md
.BRAIN\04-narrative\npc-lore\common\README.md
.BRAIN\04-narrative\npc-lore\common\street-vendor-tech-2060-2085.md
.BRAIN\04-narrative\npc-lore\common\citizens\anna-petrova.md
.BRAIN\04-narrative\npc-lore\common\citizens\city-blogger-2070s-city-center.md
.BRAIN\04-narrative\npc-lore\common\citizens\corporate-office-worker-2070s.md
.BRAIN\04-narrative\npc-lore\common\citizens\factory-worker-2030s-santo-domingo.md
.BRAIN\04-narrative\npc-lore\common\citizens\netrunner-freelancer-2075-watson.md
.BRAIN\04-narrative\npc-lore\common\citizens\refugee-2040s-santo-domingo.md
.BRAIN\04-narrative\npc-lore\common\citizens\street-artist-2070s-westbrook.md
.BRAIN\04-narrative\npc-lore\common\enemies\6th-street-footman-2070s-santo-domingo.md
.BRAIN\04-narrative\npc-lore\common\enemies\animals-bruiser.md
.BRAIN\04-narrative\npc-lore\common\enemies\maelstrom-tech-2070s-watson.md
.BRAIN\04-narrative\npc-lore\common\enemies\scavenger-2070s-pacifica.md
.BRAIN\04-narrative\npc-lore\common\enemies\tyger-claws-enforcer.md
.BRAIN\04-narrative\npc-lore\common\enemies\tyger-hacker-2070s-westbrook.md
.BRAIN\04-narrative\npc-lore\common\enemies\valentinos-lookout-2060s-heywood.md
.BRAIN\04-narrative\npc-lore\common\enemies\wraith-raider-2050s-badlands.md
.BRAIN\04-narrative\npc-lore\common\police\max-tac-operative-2077-city-center.md
.BRAIN\04-narrative\npc-lore\common\police\ncpd-detective-2070s-city-center.md
.BRAIN\04-narrative\npc-lore\common\police\ncpd-dispatcher-2060s-watson.md
.BRAIN\04-narrative\npc-lore\common\police\ncpd-patrol-officer-2070s-watson.md
.BRAIN\04-narrative\npc-lore\common\service\bartender-2070s-afterlife.md
.BRAIN\04-narrative\npc-lore\common\service\bouncer-2070s-japantown.md
.BRAIN\04-narrative\npc-lore\common\service\mechanic-2060s-santo-domingo.md
.BRAIN\04-narrative\npc-lore\common\service\medtech-nurse-2040s-watson.md
.BRAIN\04-narrative\npc-lore\common\service\ncpd-patrol-officer.md
.BRAIN\04-narrative\npc-lore\common\service\nomad-mechanic-2060s-badlands.md
.BRAIN\04-narrative\npc-lore\common\service\street-doc-2065-heywood.md
.BRAIN\04-narrative\npc-lore\common\service\taxi-driver-2070s-city-center.md
.BRAIN\04-narrative\npc-lore\common\service\trauma-team-paramedic.md
.BRAIN\04-narrative\npc-lore\common\traders\auto-parts-santo-domingo-2050s.md
.BRAIN\04-narrative\npc-lore\common\traders\bd-dealer-2070s-japantown.md
.BRAIN\04-narrative\npc-lore\common\traders\cyberware-blackmarket-2070s-westbrook.md
.BRAIN\04-narrative\npc-lore\common\traders\flea-market-tech-scrapper.md
.BRAIN\04-narrative\npc-lore\common\traders\food-vendor-2080s-city-center.md
.BRAIN\04-narrative\npc-lore\common\traders\jake-archer.md
.BRAIN\04-narrative\npc-lore\common\traders\med-supplies-2030s-watson.md
.BRAIN\04-narrative\npc-lore\common\traders\rita-moreno.md
.BRAIN\04-narrative\npc-lore\common\traders\scrap-dealer-2040s-santo-domingo.md
.BRAIN\04-narrative\npc-lore\common\traders\street-food-vendor-2060s-heywood.md
.BRAIN\04-narrative\npc-lore\common\traders\weapon-dealer-2070s-watson.md
.BRAIN\04-narrative\npc-lore\factions\README.md
.BRAIN\04-narrative\npc-lore\factions\corporations\README.md
.BRAIN\04-narrative\npc-lore\factions\corporations\arasaka\ceo-arasaka-2020-2030.md
.BRAIN\04-narrative\npc-lore\factions\corporations\arasaka\chief-compliance-officer-2080-2093.md
.BRAIN\04-narrative\npc-lore\factions\corporations\arasaka\director-counter-intel-2030-2045.md
.BRAIN\04-narrative\npc-lore\factions\corporations\arasaka\director-legal-2060-2077.md
.BRAIN\04-narrative\npc-lore\factions\corporations\arasaka\director-security-2045-2060.md
.BRAIN\04-narrative\npc-lore\factions\corporations\arasaka\vp-operations-2078-2090.md
.BRAIN\04-narrative\npc-lore\factions\corporations\biotechnica\vp-agro-rnd-2060-2080.md
.BRAIN\04-narrative\npc-lore\factions\corporations\kang-tao\ceo-kang-tao-2045-2065.md
.BRAIN\04-narrative\npc-lore\factions\corporations\kang-tao\vp-export-operations-2055-2075.md
.BRAIN\04-narrative\npc-lore\factions\corporations\militech\ceo-militech-2020-2035.md
.BRAIN\04-narrative\npc-lore\factions\corporations\militech\director-logistics-2048-2065.md
.BRAIN\04-narrative\npc-lore\factions\corporations\militech\head-rnd-2035-2050.md
.BRAIN\04-narrative\npc-lore\factions\corporations\netwatch\regional-director-2055-2070.md
.BRAIN\04-narrative\npc-lore\factions\corporations\petrochem\director-refining-operations-2035-2055.md
.BRAIN\04-narrative\npc-lore\factions\corporations\trauma-team\chief-pilot-2068-2088.md
.BRAIN\04-narrative\npc-lore\factions\corporations\trauma-team\regional-director-2070-2085.md
.BRAIN\04-narrative\npc-lore\factions\corporations\zetatech\cto-net-2068-2088.md
.BRAIN\04-narrative\npc-lore\factions\gangs\README.md
.BRAIN\04-narrative\npc-lore\factions\gangs\6th-street\civil-defense-coordinator-2066-2078.md
.BRAIN\04-narrative\npc-lore\factions\gangs\6th-street\commander-2060-2070.md
.BRAIN\04-narrative\npc-lore\factions\gangs\6th-street\community-judge-2065-2075.md
.BRAIN\04-narrative\npc-lore\factions\gangs\6th-street\quartermaster-2062-2072.md
.BRAIN\04-narrative\npc-lore\factions\gangs\animals\alpha-2070-2085.md
.BRAIN\04-narrative\npc-lore\factions\gangs\animals\elite-combat-trainer-2070-2088.md
.BRAIN\04-narrative\npc-lore\factions\gangs\maelstrom\leader-maelstrom-2070.md
.BRAIN\04-narrative\npc-lore\factions\gangs\maelstrom\logistics-officer-2068-2080.md
.BRAIN\04-narrative\npc-lore\factions\gangs\mox\evac-coordinator-2068-2082.md
.BRAIN\04-narrative\npc-lore\factions\gangs\mox\madame-2065-2080.md
.BRAIN\04-narrative\npc-lore\factions\gangs\mox\security-chief-2068-2088.md
.BRAIN\04-narrative\npc-lore\factions\gangs\scavengers\boss-scav-den-2070-2088.md
.BRAIN\04-narrative\npc-lore\factions\gangs\tyger-claws\consigliere-2062-2078.md
.BRAIN\04-narrative\npc-lore\factions\gangs\tyger-claws\houses-master-2063-2080.md
.BRAIN\04-narrative\npc-lore\factions\gangs\tyger-claws\oyabun-2060-2077.md
.BRAIN\04-narrative\npc-lore\factions\gangs\valentinos\capo-supply-operations-2065-2085.md
.BRAIN\04-narrative\npc-lore\factions\gangs\valentinos\jefe-valentinos-2060-2070.md
.BRAIN\04-narrative\npc-lore\factions\gangs\valentinos\underboss-2065-2080.md
.BRAIN\04-narrative\npc-lore\factions\gangs\voodoo-boys\maman-brigitte-2060-2077.md
.BRAIN\04-narrative\npc-lore\factions\gangs\voodoo-boys\net-keykeeper-2065-2083.md
.BRAIN\04-narrative\npc-lore\factions\gangs\voodoo-boys\net-ritual-architect-2063-2078.md
.BRAIN\04-narrative\npc-lore\factions\gangs\wraiths\master-mechanic-2055-2085.md
.BRAIN\04-narrative\npc-lore\factions\gangs\wraiths\warlord-2060-2080.md
.BRAIN\04-narrative\npc-lore\factions\ncpd\captain-detective-2065-2085.md
.BRAIN\04-narrative\npc-lore\factions\ncpd\README.md
.BRAIN\04-narrative\npc-lore\factions\ncpd\maxtac\commander-atlas-2070-2090.md
.BRAIN\04-narrative\npc-lore\factions\ncpd\maxtac\operator-razor-2075-2090.md
.BRAIN\04-narrative\npc-lore\factions\ncpd\maxtac\README.md
.BRAIN\04-narrative\npc-lore\factions\nomads\README.md
.BRAIN\04-narrative\npc-lore\factions\nomads\aldecaldos\elder-2050-2090.md
.BRAIN\04-narrative\npc-lore\factions\nomads\aldecaldos\scout-pathfinder-2068-2090.md
.BRAIN\04-narrative\npc-lore\factions\nomads\jodas\chief-jodas-2055-2085.md
.BRAIN\04-narrative\npc-lore\factions\nomads\snake-nation\elder-snake-2040-2080.md
.BRAIN\04-narrative\npc-lore\fixers\dakota-smith-detailed-2030-2090.md
.BRAIN\04-narrative\npc-lore\fixers\dino-dinovic-2050-2085.md
.BRAIN\04-narrative\npc-lore\fixers\mr-hands-detailed-2040-2090.md
.BRAIN\04-narrative\npc-lore\fixers\padre-2040-2085.md
.BRAIN\04-narrative\npc-lore\fixers\README.md
.BRAIN\04-narrative\npc-lore\fixers\wakako-okada-2035-2090.md
.BRAIN\04-narrative\npc-lore\important\abernathy.md
.BRAIN\04-narrative\npc-lore\important\adam-smasher.md
.BRAIN\04-narrative\npc-lore\important\alt-cunningham.md
.BRAIN\04-narrative\npc-lore\important\anders-hellman.md
.BRAIN\04-narrative\npc-lore\important\arthur-jenkins.md
.BRAIN\04-narrative\npc-lore\important\brigitte.md
.BRAIN\04-narrative\npc-lore\important\coach-fred.md
.BRAIN\04-narrative\npc-lore\important\dakota-smith.md
.BRAIN\04-narrative\npc-lore\important\david-martinez.md
.BRAIN\04-narrative\npc-lore\important\dexter-deshawn.md
.BRAIN\04-narrative\npc-lore\important\el-capitan.md
.BRAIN\04-narrative\npc-lore\important\evelyn-parker.md
.BRAIN\04-narrative\npc-lore\important\faraday.md
.BRAIN\04-narrative\npc-lore\important\fingers-robert.md
.BRAIN\04-narrative\npc-lore\important\hanako-arasaka.md
.BRAIN\04-narrative\npc-lore\important\hiromi-sato.md
.BRAIN\04-narrative\npc-lore\important\hiroshi-tanaka.md
.BRAIN\04-narrative\npc-lore\important\jackie-welles.md
.BRAIN\04-narrative\npc-lore\important\james-iron-reed.md
.BRAIN\04-narrative\npc-lore\important\johnny-silverhand.md
.BRAIN\04-narrative\npc-lore\important\jose-tiger-ramirez.md
.BRAIN\04-narrative\npc-lore\important\judy-alvarez.md
.BRAIN\04-narrative\npc-lore\important\kerry-eurodyne.md
.BRAIN\04-narrative\npc-lore\important\kiwi.md
.BRAIN\04-narrative\npc-lore\important\kurt-hansen.md
.BRAIN\04-narrative\npc-lore\important\lucy.md
.BRAIN\04-narrative\npc-lore\important\maine.md
.BRAIN\04-narrative\npc-lore\important\marco-fix-sanchez.md
.BRAIN\04-narrative\npc-lore\important\meredith-stout.md
.BRAIN\04-narrative\npc-lore\important\militech-james-reed.md
.BRAIN\04-narrative\npc-lore\important\misty.md
.BRAIN\04-narrative\npc-lore\important\mr-blue-eyes.md
.BRAIN\04-narrative\npc-lore\important\mr-hands.md
.BRAIN\04-narrative\npc-lore\important\netwatch-agent-vogel.md
.BRAIN\04-narrative\npc-lore\important\nix.md
.BRAIN\04-narrative\npc-lore\important\npc-kaede-ishikawa.md
.BRAIN\04-narrative\npc-lore\important\padre-ibarra.md
.BRAIN\04-narrative\npc-lore\important\panam-palmer.md
.BRAIN\04-narrative\npc-lore\important\placide.md
.BRAIN\04-narrative\npc-lore\important\rebecca.md
.BRAIN\04-narrative\npc-lore\important\regina-jones.md
.BRAIN\04-narrative\npc-lore\important\river-ward.md
.BRAIN\04-narrative\npc-lore\important\rogue.md
.BRAIN\04-narrative\npc-lore\important\rosalind-myers.md
.BRAIN\04-narrative\npc-lore\important\royce.md
.BRAIN\04-narrative\npc-lore\important\saburo-arasaka.md
.BRAIN\04-narrative\npc-lore\important\sara-miller.md
.BRAIN\04-narrative\npc-lore\important\sasquatch.md
.BRAIN\04-narrative\npc-lore\important\saul-bright.md
.BRAIN\04-narrative\npc-lore\important\solomon-reed.md
.BRAIN\04-narrative\npc-lore\important\song-so-mi-songbird.md
.BRAIN\04-narrative\npc-lore\important\susie-q.md
.BRAIN\04-narrative\npc-lore\important\t-bug.md
.BRAIN\04-narrative\npc-lore\important\takemura.md
.BRAIN\04-narrative\npc-lore\important\viktor-vektor.md
.BRAIN\04-narrative\npc-lore\important\wakako-okada.md
.BRAIN\04-narrative\npc-lore\important\wilson-2nd-amendment.md
.BRAIN\04-narrative\npc-lore\important\yoko-tsuru.md
.BRAIN\04-narrative\npc-lore\important\yorinobu-arasaka.md
.BRAIN\04-narrative\npc-lore\locations\claire-afterlife-bartender-2050-2090.md
.BRAIN\04-narrative\npc-lore\locations\misty-olszewski-2050-2090.md
.BRAIN\04-narrative\npc-lore\locations\README.md
.BRAIN\04-narrative\npc-lore\media\gillean-jordan-2065-2090.md
.BRAIN\04-narrative\npc-lore\media\README.md
.BRAIN\04-narrative\npc-lore\media\ziggy-q-braindance-editor-2070-2090.md
.BRAIN\04-narrative\npc-lore\netrunners\ghost-walker-blackwall-diver-2065-2090.md
.BRAIN\04-narrative\npc-lore\netrunners\README.md
.BRAIN\04-narrative\npc-lore\netrunners\spider-murphy-legend-2020-2077.md
.BRAIN\04-narrative\npc-lore\netrunners\t-bug-prodigy-2050-2077.md
.BRAIN\04-narrative\npc-lore\npc-status-tracker\README.md
.BRAIN\04-narrative\npc-lore\ripperdocs\cassius-ryder-2060-2090.md
.BRAIN\04-narrative\npc-lore\ripperdocs\fingers-2050-2080.md
.BRAIN\04-narrative\npc-lore\ripperdocs\README.md
.BRAIN\04-narrative\npc-lore\ripperdocs\viktor-vektor-2030-2090.md
.BRAIN\04-narrative\npc-lore\solo\morgan-blackhand-legend-1990-2023.md
.BRAIN\04-narrative\npc-lore\solo\README.md
.BRAIN\04-narrative\npc-lore\solo\rogue-amendiares-legend-2000-2077.md
.BRAIN\04-narrative\quests\BRANCHING-QUESTS-SUMMARY.md
.BRAIN\04-narrative\quests\FINAL-CONTENT-REPORT.md
.BRAIN\04-narrative\quests\main-quest-detailed-001.md
.BRAIN\04-narrative\quests\main-quests-outline.md
.BRAIN\04-narrative\quests\MASTER-QUEST-INDEX.md
.BRAIN\04-narrative\quests\MEGA-QUEST-EXPANSION-SUMMARY.md
.BRAIN\04-narrative\quests\PRESENTATION-FOR-USER.md
.BRAIN\04-narrative\quests\QUEST-TEMPLATE-DND.md
.BRAIN\04-narrative\quests\quests-master-list-2020-2093.md
.BRAIN\04-narrative\quests\README.md
.BRAIN\04-narrative\quests\VISUAL-QUEST-MAP-COMPACT.md
.BRAIN\04-narrative\quests\visual-quest-map-part1.md
.BRAIN\04-narrative\quests\visual-quest-map-part2.md
.BRAIN\04-narrative\quests\daily-weekly\asia-daily-weekly.md
.BRAIN\04-narrative\quests\daily-weekly\europe-daily-weekly.md
.BRAIN\04-narrative\quests\daily-weekly\README.md
.BRAIN\04-narrative\quests\faction-world\abyssinia-skyrail-world-quests.md
.BRAIN\04-narrative\quests\faction-world\aegean-synapse-world-quests.md
.BRAIN\04-narrative\quests\faction-world\anchorage-icefront-world-quests.md
.BRAIN\04-narrative\quests\faction-world\andes-resonance-world-quests.md
.BRAIN\04-narrative\quests\faction-world\arasaka-world-quests.md
.BRAIN\04-narrative\quests\faction-world\atlantic-shield-world-quests.md
.BRAIN\04-narrative\quests\faction-world\aurora-geotherm-world-quests.md
.BRAIN\04-narrative\quests\faction-world\chengdu-syntha-world-quests.md
.BRAIN\04-narrative\quests\faction-world\crescent-energy-world-quests.md
.BRAIN\04-narrative\quests\faction-world\delta-wave-world-quests.md
.BRAIN\04-narrative\quests\faction-world\doha-solar-veil-world-quests.md
.BRAIN\04-narrative\quests\faction-world\geneva-arbitration-world-quests.md
.BRAIN\04-narrative\quests\faction-world\havana-data-reef-world-quests.md
.BRAIN\04-narrative\quests\faction-world\helsinki-harmony-world-quests.md
.BRAIN\04-narrative\quests\faction-world\jakarta-tempest-grid-world-quests.md
.BRAIN\04-narrative\quests\faction-world\johor-hyperwave-world-quests.md
.BRAIN\04-narrative\quests\faction-world\kinshasa-river-nexus-world-quests.md
.BRAIN\04-narrative\quests\faction-world\maghreb-solar-world-quests.md
.BRAIN\04-narrative\quests\faction-world\mekong-flux-world-quests.md
.BRAIN\04-narrative\quests\faction-world\mumbai-neurostage-world-quests.md
.BRAIN\04-narrative\quests\faction-world\osaka-quantum-world-quests.md
.BRAIN\04-narrative\quests\faction-world\pacific-couriers-world-quests.md
.BRAIN\04-narrative\quests\faction-world\quebec-chrono-world-quests.md
.BRAIN\04-narrative\quests\faction-world\README.md
.BRAIN\04-narrative\quests\faction-world\savanna-horizon-world-quests.md
.BRAIN\04-narrative\quests\faction-world\ulaanbaatar-steppe-signal-world-quests.md
.BRAIN\04-narrative\quests\faction-world\warsaw-vistula-sentinel-world-quests.md
.BRAIN\04-narrative\quests\faction-world\zarathustra-quantum-world-quests.md
.BRAIN\04-narrative\quests\main\001-first-steps-dnd-nodes.md
.BRAIN\04-narrative\quests\main\002-choose-path-dnd-nodes.md
.BRAIN\04-narrative\quests\main\021-corporate-wars-choose-side-dnd-nodes.md
.BRAIN\04-narrative\quests\main\022-corporate-wars-operation-dnd-nodes.md
.BRAIN\04-narrative\quests\main\031-street-wars-choose-gang-dnd-nodes.md
.BRAIN\04-narrative\quests\main\032-street-wars-operation-dnd-nodes.md
.BRAIN\04-narrative\quests\main\041-simulation-first-clues-dnd-nodes.md
.BRAIN\04-narrative\quests\main\042-black-barrier-heist-dnd-nodes.md
.BRAIN\04-narrative\quests\main\main-quests-template-plan.md
.BRAIN\04-narrative\quests\main\mq-001-first-steps.md
.BRAIN\04-narrative\quests\main\mq-002-choose-path.md
.BRAIN\04-narrative\quests\main\mq-003-skill-growth.md
.BRAIN\04-narrative\quests\main\MQ-2020-002-триака-node.md
.BRAIN\04-narrative\quests\main\MQ-2030-001-dome-charter-node.md
.BRAIN\04-narrative\quests\main\MQ-2045-001-city-ribs-node.md
.BRAIN\04-narrative\quests\main\MQ-2060-001-concordats-node.md
.BRAIN\04-narrative\quests\main\MQ-2077-001-dogtown-checkpoint-node.md
.BRAIN\04-narrative\quests\main\MQ-2078-001-parametric-fairs-node.md
.BRAIN\04-narrative\quests\main\README.md
.BRAIN\04-narrative\quests\meta\the-truth-beyond-blackwall-quest.md
.BRAIN\04-narrative\quests\raid\2025-11-07-quest-helios-countermesh-conspiracy.md
.BRAIN\04-narrative\quests\raid\2025-11-07-raid-specter-surge.md
.BRAIN\04-narrative\quests\romantic\hanako-tanaka-tokyo.md
.BRAIN\04-narrative\quests\romantic\MEGA-ROMANCE-SYSTEM-1000.md
.BRAIN\04-narrative\quests\romantic\README.md
.BRAIN\04-narrative\quests\romantic\romance-events-1000-part1.md
.BRAIN\04-narrative\quests\romantic\romance-events-1000-part2.md
.BRAIN\04-narrative\quests\romantic\ROMANCE-EVENTS-INDEX-COMPACT.md
.BRAIN\04-narrative\quests\romantic\events\01-meeting-events.md
.BRAIN\04-narrative\quests\romantic\events\02-friendship-events.md
.BRAIN\04-narrative\quests\romantic\events\03-flirting-events.md
.BRAIN\04-narrative\quests\romantic\events\04-dating-events.md
.BRAIN\04-narrative\quests\romantic\events\05-intimacy-events.md
.BRAIN\04-narrative\quests\romantic\events\06-conflict-events.md
.BRAIN\04-narrative\quests\romantic\events\07-reconciliation-events.md
.BRAIN\04-narrative\quests\romantic\events\08-commitment-events.md
.BRAIN\04-narrative\quests\romantic\events\09-crisis-breakup-events.md
.BRAIN\04-narrative\quests\romantic\events\README.md
.BRAIN\04-narrative\quests\romantic\regions\africa-romance-events-100.md
.BRAIN\04-narrative\quests\romantic\regions\america-romance-events-150.md
.BRAIN\04-narrative\quests\romantic\regions\asia-romance-events-150.md
.BRAIN\04-narrative\quests\romantic\regions\cis-romance-events-100.md
.BRAIN\04-narrative\quests\romantic\regions\europe-romance-events-150.md
.BRAIN\04-narrative\quests\romantic\regions\middleeast-romance-events-100.md
.BRAIN\04-narrative\quests\romantic\romance-events\README.md
.BRAIN\04-narrative\quests\side\2025-11-07-quest-neon-ghosts.md
.BRAIN\04-narrative\quests\side\2025-11-08-mission-kaede-family-rescue.md
.BRAIN\04-narrative\quests\side\ALL-QUESTS-EXPANDED-COMPLETE.md
.BRAIN\04-narrative\quests\side\EVENTS-ALL-PERIODS.md
.BRAIN\04-narrative\quests\side\heywood-valentinos-chain.md
.BRAIN\04-narrative\quests\side\QUEST-CONTENT-EXPANSION-SUMMARY.md
.BRAIN\04-narrative\quests\side\QUEST-EXPANSION-FINAL-SUMMARY.md
.BRAIN\04-narrative\quests\side\QUEST-EXPANSION-SUMMARY.md
.BRAIN\04-narrative\quests\side\README.md
.BRAIN\04-narrative\quests\side\side-quests-2020-2030.md
.BRAIN\04-narrative\quests\side\side-quests-2030-2045-EXPANDED.md
.BRAIN\04-narrative\quests\side\side-quests-2030-2045.md
.BRAIN\04-narrative\quests\side\side-quests-2045-2060-EXPANDED.md
.BRAIN\04-narrative\quests\side\side-quests-2045-2060.md
.BRAIN\04-narrative\quests\side\side-quests-2060-2077-EXPANDED.md
.BRAIN\04-narrative\quests\side\side-quests-2060-2077.md
.BRAIN\04-narrative\quests\side\side-quests-2078-2090-EXPANDED.md
.BRAIN\04-narrative\quests\side\side-quests-2078-2090.md
.BRAIN\04-narrative\quests\side\side-quests-2090-2093-EXPANDED.md
.BRAIN\04-narrative\quests\side\side-quests-2090-2093.md
.BRAIN\04-narrative\quests\side\SQ-2020-001-vojtek-contract.md
.BRAIN\04-narrative\quests\side\SQ-2020-002-trauma-team-contract.md
.BRAIN\04-narrative\quests\side\SQ-2020-003-clean-channel.md
.BRAIN\04-narrative\quests\side\SQ-2020-004-street-education.md
.BRAIN\04-narrative\quests\side\SQ-2020-005-aldecaldos-convoy.md
.BRAIN\04-narrative\quests\side\SQ-2020-006-padre-debt.md
.BRAIN\04-narrative\quests\side\SQ-2030-001-media-campaign.md
.BRAIN\04-narrative\quests\side\SQ-2030-002-dome-audit.md
.BRAIN\04-narrative\quests\side\SQ-2030-003-underground-maps.md
.BRAIN\04-narrative\quests\side\SQ-2030-004-neuroethics-lawsuit.md
.BRAIN\04-narrative\quests\side\SQ-2045-001-phantom-hunt.md
.BRAIN\04-narrative\quests\side\SQ-2045-002-emitter-cartel.md
.BRAIN\04-narrative\quests\side\SQ-2045-003-chorus-conversion.md
.BRAIN\04-narrative\quests\side\SQ-2045-004-red-market-heist.md
.BRAIN\04-narrative\quests\side\SQ-2045-005-warm-corridor-expedition.md
.BRAIN\04-narrative\quests\side\SQ-2060-001-gray-theater.md
.BRAIN\04-narrative\quests\side\SQ-2060-002-border-accord.md
.BRAIN\04-narrative\quests\side\SQ-2060-003-concordat-appeal.md
.BRAIN\04-narrative\quests\side\SQ-2060-004-proxy-war-contract.md
.BRAIN\04-narrative\quests\side\SQ-2060-005-meta-court-testimony.md
.BRAIN\04-narrative\quests\side\SQ-2077-001-barghest-liaison.md
.BRAIN\04-narrative\quests\side\SQ-2077-002-dogtown-supplyline.md
.BRAIN\04-narrative\quests\side\SQ-2077-003-barghest-civils.md
.BRAIN\04-narrative\quests\side\SQ-2077-004-nusa-intelligence.md
.BRAIN\04-narrative\quests\side\SQ-2077-005-myers-escort.md
.BRAIN\04-narrative\quests\side\SQ-2078-001-license-wars.md
.BRAIN\04-narrative\quests\side\SQ-2078-002-fair-manipulation.md
.BRAIN\04-narrative\quests\side\SQ-2078-003-craft-fair.md
.BRAIN\04-narrative\quests\side\SQ-2078-004-blackwall-expedition.md
.BRAIN\04-narrative\quests\side\SQ-2078-005-constitution-draft.md
.BRAIN\04-narrative\quests\side\side-quests-2020-2030\README.md
.BRAIN\04-narrative\quests\world\README.md
.BRAIN\04-narrative\quests\world\WORLD-QUESTS-SUMMARY.md
.BRAIN\04-narrative\quests\world\africa\west-africa-quests.md
.BRAIN\04-narrative\quests\world\america\south-america-quests.md
.BRAIN\04-narrative\quests\world\asia\east-asia-quests.md
.BRAIN\04-narrative\quests\world\cis\russia-quests.md
.BRAIN\04-narrative\quests\world\europe\western-europe-quests.md
.BRAIN\04-narrative\quests\world\middle-east\gulf-quests.md
.BRAIN\04-narrative\quests\world\oceania\oceania-quests.md
.BRAIN\04-narrative\scenarios\game-start-scenarios-detailed.md
.BRAIN\04-narrative\scenarios\README.md
.BRAIN\04-narrative\scenarios\factions\README.md
.BRAIN\04-narrative\scenarios\factions\corporations\arasaka-2020-2093.md
.BRAIN\04-narrative\scenarios\factions\corporations\militech-2020-2093.md
.BRAIN\04-narrative\scenarios\factions\gangs\gangs-2020-2093.md
.BRAIN\04-narrative\scenarios\factions\netfactions\netwatch-voodoo-boys-2020-2093.md
.BRAIN\04-narrative\scenarios\main-story\2020-2030-main-story.md
.BRAIN\04-narrative\scenarios\main-story\2030-2045-main-story.md
.BRAIN\04-narrative\scenarios\main-story\2045-2060-main-story.md
.BRAIN\04-narrative\scenarios\main-story\2060-2077-main-story.md
.BRAIN\04-narrative\scenarios\main-story\2077-main-story.md
.BRAIN\04-narrative\scenarios\main-story\2078-2093-main-story.md
.BRAIN\04-narrative\scenarios\main-story\framework.md
.BRAIN\04-narrative\scenarios\main-story\README.md
.BRAIN\04-narrative\scenarios\main-story\classes\2020-2030-classes-branches.md
.BRAIN\04-narrative\scenarios\main-story\classes\2030-2045-classes-branches.md
.BRAIN\04-narrative\scenarios\main-story\classes\2045-2060-classes-branches.md
.BRAIN\04-narrative\scenarios\main-story\classes\2060-2077-classes-branches.md
.BRAIN\04-narrative\scenarios\main-story\classes\2077-classes-branches.md
.BRAIN\04-narrative\scenarios\main-story\classes\2078-2093-classes-branches.md
.BRAIN\04-narrative\scenarios\main-story\classes\README.md
.BRAIN\04-narrative\scenarios\main-story\dd-nodes\2020-2030-dd-nodes-by-class.md
.BRAIN\04-narrative\scenarios\main-story\dd-nodes\2030-2045-dd-nodes-by-class.md
.BRAIN\04-narrative\scenarios\main-story\dd-nodes\2045-2060-dd-nodes-by-class.md
.BRAIN\04-narrative\scenarios\main-story\dd-nodes\2060-2077-dd-nodes-by-class.md
.BRAIN\04-narrative\scenarios\main-story\dd-nodes\2077-dd-nodes-by-class.md
.BRAIN\04-narrative\scenarios\main-story\dd-nodes\2078-2093-dd-nodes-by-class.md
.BRAIN\04-narrative\scenarios\origins\clinic-rat.md
.BRAIN\04-narrative\scenarios\origins\corpo.md
.BRAIN\04-narrative\scenarios\origins\data-orphan.md
.BRAIN\04-narrative\scenarios\origins\nomad.md
.BRAIN\04-narrative\scenarios\origins\outlaw-scholar.md
.BRAIN\04-narrative\scenarios\origins\README.md
.BRAIN\04-narrative\scenarios\origins\street-kid.md
.BRAIN\04-narrative\sid-endings\ENDINGS-INDEX.md
.BRAIN\04-narrative\sid-endings\README.md
.BRAIN\04-narrative\sid-endings\endings\cities\night-city-endings.md
.BRAIN\04-narrative\sid-endings\endings\factions\corporations\arasaka-endings.md
.BRAIN\04-narrative\sid-endings\endings\npcs\marco-fix-sanchez.md
.BRAIN\04-narrative\sid-endings\endings\regions\europe\europe-endings.md
.BRAIN\04-narrative\sid-endings\periods\2020-2025-early-choices.md
.BRAIN\04-narrative\sid-endings\periods\2025-2030-foundation.md
.BRAIN\04-narrative\sid-endings\periods\2085-2090-world-on-edge.md
.BRAIN\04-narrative\sid-endings\periods\finale-2090-2093\README.md
.BRAIN\04-narrative\stories\cyberpunk-inspiration-stories.md
.BRAIN\04-narrative\stories\README.md
